id,demanda
0,1.7333166599273682
1,1.8424128293991089
2,1.8320850133895874
3,2.089498996734619
4,1.8448686599731445
5,1.6163158416748047
6,1.031977653503418
7,1.9539194107055664
8,1.9515501260757446
9,1.877286434173584
10,1.7641537189483643
11,1.7415149211883545
12,1.3244198560714722
13,0.6006892919540405
14,1.9072508811950684
15,1.8607804775238037
16,1.817866563796997
17,1.848144292831421
18,1.9176452159881592
19,1.9050185680389404
20,1.3590139150619507
21,2.0998241901397705
22,2.2321372032165527
23,1.9238067865371704
24,1.957843542098999
25,1.6293294429779053
26,2.1558687686920166
27,2.3861093521118164
28,1.6501835584640503
29,2.192155599594116
30,2.415239095687866
31,2.5616812705993652
32,2.5461134910583496
33,2.457502841949463
34,2.8150196075439453
35,1.4682419300079346
36,2.2169041633605957
37,2.111238479614258
38,2.072920083999634
39,1.9393694400787354
40,2.0017600059509277
41,2.2198245525360107
42,1.175774335861206
43,1.8506015539169312
44,1.8025988340377808
45,1.7701001167297363
46,1.8298835754394531
47,2.032500743865967
48,2.5624663829803467
49,1.529480218887329
50,2.048719882965088
51,2.129587411880493
52,2.0380513668060303
53,2.199775457382202
54,2.398705005645752
55,1.6268177032470703
56,2.230846881866455
57,2.5037660598754883
58,1.365168571472168
59,1.4259697198867798
60,1.444328784942627
61,1.433743953704834
62,1.5847446918487549
63,1.3608813285827637
64,1.6134064197540283
65,1.5938119888305664
66,1.544903039932251
67,1.5002071857452393
68,1.5351706743240356
69,1.2003260850906372
70,0.5482357144355774
71,1.6146270036697388
72,1.5918371677398682
73,1.4861671924591064
74,1.54341459274292
75,1.5594911575317383
76,1.5320777893066406
77,1.1050204038619995
78,1.7652275562286377
79,1.917819619178772
80,1.6936737298965454
81,1.7476065158843994
82,1.5113205909729004
83,1.8570582866668701
84,2.024913787841797
85,0.20652997493743896
86,0.5526760220527649
87,0.5597375631332397
88,0.518634557723999
89,0.5153030753135681
90,0.5651267766952515
91,0.7004069685935974
92,0.4369911253452301
93,0.5255873203277588
94,0.46041715145111084
95,0.3896346688270569
96,0.27565884590148926
97,0.3907086253166199
98,0.6557722091674805
99,0.30738115310668945
100,0.4728667140007019
101,0.44643691182136536
102,0.40048080682754517
103,0.45032137632369995
104,0.6203182339668274
105,0.9711631536483765
106,0.6836154460906982
107,0.7868297696113586
108,0.6894133687019348
109,0.7901572585105896
110,1.028136134147644
111,0.7260283827781677
112,0.8878389596939087
113,0.959967851638794
114,2.2076525688171387
115,2.297823429107666
116,2.2472267150878906
117,2.229797840118408
118,2.1845662593841553
119,1.8959892988204956
120,1.1333115100860596
121,2.0640764236450195
122,2.04508113861084
123,1.9211801290512085
124,1.742741346359253
125,1.7774556875228882
126,1.2773081064224243
127,0.6140428185462952
128,1.8859074115753174
129,1.8199973106384277
130,1.7133792638778687
131,1.7395602464675903
132,1.8637717962265015
133,1.8310253620147705
134,2.0960283279418945
135,2.1743974685668945
136,1.9144986867904663
137,1.9371980428695679
138,1.657875895500183
139,2.0407676696777344
140,2.2761805057525635
141,0.5527246594429016
142,1.008219838142395
143,1.1014902591705322
144,1.1537375450134277
145,1.1773308515548706
146,1.2873430252075195
147,1.5365923643112183
148,0.8264327645301819
149,1.1970443725585938
150,1.1429784297943115
151,1.1127439737319946
152,0.9851268529891968
153,1.1564247608184814
154,1.5001349449157715
155,0.7599227428436279
156,1.1669492721557617
157,1.1506623029708862
158,1.0946614742279053
159,1.177200436592102
160,1.3637666702270508
161,1.7477169036865234
162,1.3074467182159424
163,1.4152456521987915
164,1.5941550731658936
165,1.0799177885055542
166,1.4961798191070557
167,4.4577250480651855
168,5.293856143951416
169,5.225992679595947
170,4.653359889984131
171,4.8779120445251465
172,3.9838173389434814
173,2.182166337966919
174,3.9932878017425537
175,4.266846656799316
176,4.184041976928711
177,3.853501558303833
178,3.7195544242858887
179,2.9114038944244385
180,1.42729914188385
181,3.433544397354126
182,3.7138330936431885
183,3.2751810550689697
184,3.5286507606506348
185,3.1543142795562744
186,2.944516181945801
187,2.0485646724700928
188,3.0631191730499268
189,3.2696080207824707
190,3.0680742263793945
191,3.08848237991333
192,2.556326389312744
193,3.2188127040863037
194,3.8535618782043457
195,1.5098363161087036
196,2.5765435695648193
197,2.6562912464141846
198,2.694276809692383
199,2.816049575805664
200,2.874108076095581
201,3.0923709869384766
202,1.7830044031143188
203,2.5870347023010254
204,2.4572436809539795
205,2.3671164512634277
206,2.1601388454437256
207,2.1400439739227295
208,2.5155298709869385
209,1.3763024806976318
210,2.130190134048462
211,2.080892324447632
212,2.0089569091796875
213,2.06327748298645
214,2.3795125484466553
215,2.924541473388672
216,2.424518346786499
217,2.533656120300293
218,2.354743480682373
219,2.517972230911255
220,2.6629457473754883
221,1.7340946197509766
222,2.572169780731201
223,2.5845701694488525
224,25.993671417236328
225,22.57236671447754
226,18.666362762451172
227,23.83600425720215
228,22.888172149658203
229,17.930498123168945
230,10.039741516113281
231,25.642852783203125
232,21.464900970458984
233,21.584110260009766
234,21.1435489654541
235,21.17608070373535
236,13.815960884094238
237,7.955427169799805
238,23.166763305664062
239,20.919565200805664
240,21.100927352905273
241,20.75416374206543
242,22.09490203857422
243,20.238370895385742
244,11.943053245544434
245,21.785371780395508
246,24.563230514526367
247,19.0144100189209
248,19.393625259399414
249,15.158727645874023
250,17.36420440673828
251,19.404836654663086
252,9.63265323638916
253,13.83205509185791
254,14.238541603088379
255,12.773611068725586
256,15.484041213989258
257,15.111897468566895
258,14.965468406677246
259,9.983320236206055
260,12.129081726074219
261,10.963638305664062
262,11.503149032592773
263,9.447354316711426
264,11.972614288330078
265,13.039796829223633
266,8.555758476257324
267,13.269960403442383
268,12.809183120727539
269,12.856216430664062
270,12.058581352233887
271,13.013686180114746
272,16.069499969482422
273,10.443320274353027
274,13.142630577087402
275,11.80876636505127
276,12.089598655700684
277,13.192378997802734
278,8.46679401397705
279,12.375332832336426
280,12.81106185913086
281,15.089592933654785
282,14.794624328613281
283,12.662270545959473
284,15.002572059631348
285,15.320049285888672
286,12.469724655151367
287,9.012771606445312
288,15.33763599395752
289,12.589742660522461
290,13.523195266723633
291,14.193438529968262
292,13.735050201416016
293,12.03978443145752
294,8.606867790222168
295,15.108627319335938
296,15.703186988830566
297,15.777708053588867
298,13.555562019348145
299,13.708423614501953
300,13.94133472442627
301,8.223699569702148
302,15.895201683044434
303,12.768949508666992
304,11.473437309265137
305,12.29983139038086
306,9.36194896697998
307,13.315465927124023
308,15.850104331970215
309,11.758249282836914
310,13.327669143676758
311,12.638456344604492
312,12.122239112854004
313,12.48896598815918
314,13.666821479797363
315,14.123956680297852
316,8.630078315734863
317,12.94560432434082
318,11.823488235473633
319,11.09538459777832
320,9.338590621948242
321,9.934042930603027
322,10.924566268920898
323,6.879968643188477
324,13.135383605957031
325,11.94382381439209
326,10.89452075958252
327,11.12484073638916
328,12.26916790008545
329,15.186521530151367
330,8.332361221313477
331,16.468626022338867
332,11.991950035095215
333,11.956913948059082
334,12.593770027160645
335,7.286109924316406
336,15.124978065490723
337,13.367589950561523
338,4.8403778076171875
339,5.260149002075195
340,5.381347179412842
341,5.522143840789795
342,5.174356460571289
343,4.800134658813477
344,2.990217924118042
345,4.783103942871094
346,4.94951057434082
347,4.671283721923828
348,4.288635730743408
349,4.329087257385254
350,3.5961480140686035
351,2.0023162364959717
352,4.012182712554932
353,4.263147830963135
354,4.206211566925049
355,4.2796525955200195
356,4.203729629516602
357,3.947871208190918
358,2.6754555702209473
359,4.019416332244873
360,4.3707170486450195
361,4.161989688873291
362,4.197264671325684
363,3.6863629817962646
364,4.4562835693359375
365,4.9612650871276855
366,1.4260646104812622
367,2.3297810554504395
368,2.568444013595581
369,2.567976236343384
370,2.766979217529297
371,2.8660690784454346
372,3.0031917095184326
373,1.7388157844543457
374,2.53873348236084
375,2.4345107078552246
376,2.3624472618103027
377,2.1208481788635254
378,2.1612327098846436
379,2.476498603820801
380,1.4245344400405884
381,2.0573134422302246
382,2.0473060607910156
383,1.9579118490219116
384,2.016011953353882
385,2.246342420578003
386,2.8263132572174072
387,2.182673931121826
388,2.308595895767212
389,2.5164268016815186
390,1.5935280323028564
391,2.291926383972168
392,2.619479179382324
393,0.8105364441871643
394,0.7842057943344116
395,0.7927101254463196
396,0.8542854189872742
397,0.8119972944259644
398,0.5926826000213623
399,0.43654629588127136
400,0.7577224969863892
401,0.7891865372657776
402,0.7014278769493103
403,0.5286519527435303
404,0.5281180739402771
405,0.2120582014322281
406,0.06606052815914154
407,0.5456607341766357
408,0.5652230381965637
409,0.4942079484462738
410,0.5069130063056946
411,0.531126081943512
412,0.5871036052703857
413,0.3804360032081604
414,0.6297938823699951
415,0.6864694952964783
416,0.5112847089767456
417,0.5117797255516052
418,0.29816359281539917
419,0.595354437828064
420,0.6703574061393738
421,0.1284257471561432
422,0.5072856545448303
423,0.5083606243133545
424,0.4815141260623932
425,0.47937560081481934
426,0.5903415679931641
427,0.6093555688858032
428,0.2899377644062042
429,0.3949704170227051
430,0.3103408217430115
431,0.2402825653553009
432,0.1359861046075821
433,0.2505064606666565
434,0.5239385366439819
435,0.2072744518518448
436,0.35590043663978577
437,0.34141895174980164
438,0.3020670413970947
439,0.34480059146881104
440,0.5710237622261047
441,0.9398055076599121
442,0.5901268720626831
443,0.3806099593639374
444,0.49013417959213257
445,0.683505654335022
446,0.529373824596405
447,0.6531845331192017
448,0.7072307467460632
449,2.396267890930176
450,2.69730281829834
451,2.7726287841796875
452,2.8101980686187744
453,2.724848985671997
454,2.3693630695343018
455,1.6477465629577637
456,2.557372808456421
457,2.618260622024536
458,2.445810079574585
459,2.2167410850524902
460,2.123042345046997
461,1.6367913484573364
462,0.8933656811714172
463,2.2172207832336426
464,2.2039244174957275
465,2.085202932357788
466,2.0569307804107666
467,2.1193318367004395
468,2.297004222869873
469,1.5556753873825073
470,2.354705333709717
471,2.5709385871887207
472,2.2762179374694824
473,2.3065483570098877
474,1.9136675596237183
475,2.4926772117614746
476,2.7164664268493652
477,1.436606526374817
478,2.371779203414917
479,2.4284818172454834
480,2.6126203536987305
481,2.6609714031219482
482,2.878499984741211
483,3.0923197269439697
484,1.7504384517669678
485,2.5609142780303955
486,2.475496530532837
487,2.324176788330078
488,2.139974594116211
489,2.076019287109375
490,2.490593910217285
491,1.3268866539001465
492,2.0658137798309326
493,2.0639286041259766
494,1.9347032308578491
495,1.98684561252594
496,2.160173177719116
497,2.8648059368133545
498,1.6541829109191895
499,2.3360278606414795
500,2.1544487476348877
501,2.2288787364959717
502,2.534392833709717
503,1.564948558807373
504,2.2952232360839844
505,2.5403454303741455
506,23.279932022094727
507,21.29954719543457
508,21.2095890045166
509,22.12276268005371
510,25.34790802001953
511,21.96946907043457
512,13.603470802307129
513,26.563087463378906
514,24.33087730407715
515,22.56525230407715
516,20.849489212036133
517,21.338943481445312
518,18.06104278564453
519,10.751180648803711
520,21.415193557739258
521,20.480602264404297
522,19.89948844909668
523,20.67098045349121
524,20.826828002929688
525,22.619216918945312
526,13.556788444519043
527,21.477209091186523
528,24.985790252685547
529,20.57732391357422
530,22.048879623413086
531,20.233423233032227
532,25.323680877685547
533,22.49411964416504
534,13.593971252441406
535,16.28089714050293
536,15.40718936920166
537,15.722805976867676
538,16.332195281982422
539,16.236356735229492
540,15.623185157775879
541,8.320170402526855
542,14.216141700744629
543,12.585055351257324
544,13.824617385864258
545,13.94614315032959
546,14.680234909057617
547,15.893104553222656
548,9.013518333435059
549,13.688212394714355
550,15.297858238220215
551,13.616369247436523
552,13.816905975341797
553,13.4922456741333
554,18.125221252441406
555,8.942731857299805
556,15.062493324279785
557,12.256237983703613
558,12.699317932128906
559,14.075648307800293
560,7.502910137176514
561,15.966804504394531
562,12.304712295532227
563,0.6523749232292175
564,0.6389430165290833
565,0.973448634147644
566,1.162580132484436
567,1.0372097492218018
568,0.8239330649375916
569,1.3237847089767456
570,1.3287700414657593
571,15.679489135742188
572,16.909290313720703
573,14.350072860717773
574,15.285517692565918
575,14.730554580688477
576,10.98447036743164
577,8.473871231079102
578,12.584467887878418
579,13.905576705932617
580,11.611824989318848
581,10.504335403442383
582,10.412263870239258
583,9.022415161132812
584,6.470045566558838
585,12.471457481384277
586,11.714573860168457
587,11.691732406616211
588,11.096779823303223
589,11.159171104431152
590,11.603195190429688
591,8.252674102783203
592,12.533865928649902
593,12.07904052734375
594,11.439406394958496
595,10.605023384094238
596,8.995065689086914
597,12.338613510131836
598,14.442901611328125
599,7.354740619659424
600,11.593557357788086
601,10.497089385986328
602,10.704596519470215
603,12.811604499816895
604,11.883613586425781
605,12.222578048706055
606,8.456859588623047
607,10.985505104064941
608,9.991896629333496
609,9.889603614807129
610,9.293087005615234
611,10.09224796295166
612,10.215899467468262
613,4.959090232849121
614,9.337471961975098
615,9.09701919555664
616,9.025185585021973
617,8.623445510864258
618,9.858305931091309
619,12.573244094848633
620,5.551249980926514
621,9.659079551696777
622,10.777740478515625
623,9.880110740661621
624,9.426848411560059
625,10.593355178833008
626,4.335172176361084
627,8.618229866027832
628,10.294637680053711
629,12.2457275390625
630,13.537956237792969
631,12.755249977111816
632,15.547444343566895
633,12.307889938354492
634,10.857362747192383
635,7.713898181915283
636,12.409307479858398
637,12.307883262634277
638,12.097856521606445
639,10.980586051940918
640,10.882019996643066
641,8.916939735412598
642,6.553604602813721
643,12.990358352661133
644,12.19565486907959
645,12.16189193725586
646,11.695436477661133
647,11.709368705749512
648,11.940214157104492
649,8.126505851745605
650,13.750894546508789
651,13.640495300292969
652,11.875680923461914
653,11.635469436645508
654,9.583903312683105
655,11.78493881225586
656,14.707993507385254
657,4.090789318084717
658,6.8808794021606445
659,7.47121000289917
660,6.947441101074219
661,7.697810173034668
662,8.43974494934082
663,8.722982406616211
664,4.336043357849121
665,6.954929351806641
666,6.97514533996582
667,7.063680648803711
668,6.389007568359375
669,5.824309349060059
670,6.923930644989014
671,4.169388771057129
672,6.199558258056641
673,5.985509395599365
674,5.870495796203613
675,6.036208152770996
676,6.2257981300354
677,8.24496078491211
678,4.112647533416748
679,6.069847106933594
680,6.388257026672363
681,6.0312981605529785
682,6.5253190994262695
683,7.401266098022461
684,4.3921589851379395
685,5.970882892608643
686,6.793055534362793
687,5.60141658782959
688,6.39314603805542
689,6.4051127433776855
690,6.610463619232178
691,6.349674701690674
692,5.381848335266113
693,3.662885904312134
694,5.288121700286865
695,5.518462657928467
696,5.482144832611084
697,5.167102336883545
698,4.773540496826172
699,4.004569053649902
700,2.3379974365234375
701,4.545875549316406
702,5.033807277679443
703,4.86261510848999
704,4.899891376495361
705,4.633204460144043
706,4.498652458190918
707,2.867307662963867
708,4.674675941467285
709,5.072465896606445
710,4.739699840545654
711,4.800490856170654
712,4.2208662033081055
713,4.935286045074463
714,5.290312767028809
715,1.5980603694915771
716,2.8003990650177
717,2.8458914756774902
718,2.9521944522857666
719,3.142045736312866
720,3.191685676574707
721,3.285979747772217
722,2.1105260848999023
723,2.9398796558380127
724,2.9611406326293945
725,2.8743748664855957
726,2.724367618560791
727,2.7497165203094482
728,3.074921131134033
729,1.617292046546936
730,2.5052220821380615
731,2.540494918823242
732,2.4169845581054688
733,2.4825124740600586
734,2.5947697162628174
735,3.039431571960449
736,1.8793127536773682
737,2.502666473388672
738,2.650547742843628
739,2.5019471645355225
740,2.653844118118286
741,2.9978647232055664
742,1.928650140762329
743,2.432455539703369
744,3.036675214767456
745,3.8109209537506104
746,3.716752767562866
747,3.7799665927886963
748,3.9199023246765137
749,3.371211051940918
750,2.9483726024627686
751,1.851683497428894
752,3.1920173168182373
753,3.550621271133423
754,3.0950255393981934
755,2.9081528186798096
756,2.7137625217437744
757,2.108736515045166
758,0.9830787181854248
759,2.351543664932251
760,2.4432785511016846
761,2.2835614681243896
762,2.2765212059020996
763,2.2597944736480713
764,2.264765739440918
765,1.4177744388580322
766,2.2525768280029297
767,2.3918373584747314
768,2.215902328491211
769,2.1721832752227783
770,1.787791132926941
771,2.236236572265625
772,2.3569629192352295
773,1.3710349798202515
774,2.497525930404663
775,2.4896881580352783
776,2.480876922607422
777,2.4532713890075684
778,2.600318670272827
779,2.762061357498169
780,1.5719932317733765
781,2.26619553565979
782,2.0959529876708984
783,1.998463749885559
784,1.8623104095458984
785,2.0091209411621094
786,2.226964235305786
787,1.1374669075012207
788,1.769465684890747
789,1.7699106931686401
790,1.7179049253463745
791,1.7698389291763306
792,2.046792984008789
793,2.5850634574890137
794,1.4882243871688843
795,1.9560468196868896
796,2.029081106185913
797,1.8590108156204224
798,2.0651423931121826
799,2.242692232131958
800,1.4763022661209106
801,1.9236705303192139
802,1.99884831905365
803,1.24945068359375
804,1.331690788269043
805,1.408048152923584
806,1.301438808441162
807,1.312010407447815
808,1.1294971704483032
809,0.7708538770675659
810,1.330305814743042
811,1.3743568658828735
812,1.306449055671692
813,1.1583927869796753
814,1.2150064706802368
815,0.8359965085983276
816,0.4311850070953369
817,1.1980276107788086
818,1.3423618078231812
819,1.2328736782073975
820,1.2471686601638794
821,1.3430070877075195
822,1.3681082725524902
823,0.9152015447616577
824,1.4644184112548828
825,1.4834537506103516
826,1.3894537687301636
827,1.1294809579849243
828,1.473994255065918
829,1.5459831953048706
830,0.3322660028934479
831,0.6457603573799133
832,0.7029269933700562
833,0.6875380873680115
834,0.6935652494430542
835,0.7768732905387878
836,1.187275767326355
837,0.6280828714370728
838,0.6741594076156616
839,0.6413377523422241
840,0.5372210144996643
841,0.4621986746788025
842,0.5430395007133484
843,0.8486213088035583
844,0.4960677921772003
845,0.6209315657615662
846,0.6067497134208679
847,0.5458346605300903
848,0.5927443504333496
849,0.791863203048706
850,1.252947211265564
851,0.8975557088851929
852,0.9255347847938538
853,0.7958484888076782
854,0.9205523729324341
855,1.2029790878295898
856,0.7822714447975159
857,1.0718826055526733
858,1.1027745008468628
859,50.374610900878906
860,56.39240646362305
861,58.77650451660156
862,63.97263717651367
863,50.29733657836914
864,54.53074645996094
865,50.0265007019043
866,9.198551177978516
867,19.103992462158203
868,29.948875427246094
869,24.008466720581055
870,34.66495895385742
871,26.400928497314453
872,32.387657165527344
873,16.818910598754883
874,26.88422966003418
875,29.854814529418945
876,27.1851806640625
877,27.25042152404785
878,29.480974197387695
879,33.00005340576172
880,7.427384853363037
881,29.580629348754883
882,30.363353729248047
883,25.45541763305664
884,30.555923461914062
885,33.313438415527344
886,32.65290069580078
887,14.910685539245605
888,27.009550094604492
889,29.400531768798828
890,25.878826141357422
891,39.62177658081055
892,38.08787155151367
893,12.848982810974121
894,26.25490951538086
895,32.02958679199219
896,21.22464942932129
897,17.48413848876953
898,18.975656509399414
899,22.976716995239258
900,21.785659790039062
901,20.375503540039062
902,12.657803535461426
903,20.09562873840332
904,21.309375762939453
905,25.429519653320312
906,25.649497985839844
907,23.83116340637207
908,23.00935935974121
909,10.106955528259277
910,24.323558807373047
911,25.30379867553711
912,25.57493782043457
913,25.162887573242188
914,28.28032112121582
915,33.37034225463867
916,14.263185501098633
917,33.004981994628906
918,35.52561950683594
919,37.61057662963867
920,35.49554443359375
921,46.497955322265625
922,45.559669494628906
923,18.87077522277832
924,33.35599899291992
925,40.18133544921875
926,20.932767868041992
927,33.51021194458008
928,28.003198623657227
929,40.191810607910156
930,13.558066368103027
931,49.039588928222656
932,42.683555603027344
933,36.872867584228516
934,26.924213409423828
935,50.46812057495117
936,34.817989349365234
937,24.743350982666016
938,46.64405822753906
939,34.00776672363281
940,24.26312255859375
941,61.41410446166992
942,68.88916778564453
943,72.61307525634766
944,53.87346649169922
945,58.0170783996582
946,41.778995513916016
947,55.7711181640625
948,49.87255096435547
949,27.258180618286133
950,37.15632629394531
951,32.69900131225586
952,5.969365119934082
953,6.1968817710876465
954,5.485318660736084
955,6.188962936401367
956,7.079040050506592
957,6.6125712394714355
958,6.843138217926025
959,7.603522300720215
960,7.860606670379639
961,7.872376918792725
962,8.200634956359863
963,8.968637466430664
964,7.9737420082092285
965,9.222285270690918
966,9.486538887023926
967,10.227093696594238
968,30.605167388916016
969,33.20804214477539
970,21.251270294189453
971,28.098045349121094
972,36.247589111328125
973,27.266258239746094
974,37.612945556640625
975,11.608440399169922
976,24.252134323120117
977,32.51808166503906
978,36.960330963134766
979,29.636018753051758
980,35.04449462890625
981,30.360565185546875
982,19.53741455078125
983,47.478702545166016
984,34.39010238647461
985,28.268728256225586
986,34.043968200683594
987,38.289527893066406
988,38.68210220336914
989,42.778541564941406
990,22.97728157043457
991,1.9226534366607666
992,2.135507583618164
993,2.0474071502685547
994,2.040393590927124
995,1.9726299047470093
996,1.692624568939209
997,1.1119626760482788
998,1.9115418195724487
999,1.9372234344482422
1000,1.8414677381515503
1001,1.7305999994277954
1002,1.7308980226516724
1003,1.2963048219680786
1004,0.6101944446563721
1005,1.741998314857483
1006,1.7677215337753296
1007,1.6814090013504028
1008,1.693750023841858
1009,1.7004432678222656
1010,1.7143474817276
1011,1.8028697967529297
1012,2.0960168838500977
1013,1.874708890914917
1014,1.9020681381225586
1015,1.6418612003326416
1016,2.0173349380493164
1017,2.120354652404785
1018,1.2444251775741577
1019,2.4838778972625732
1020,2.5006792545318604
1021,2.4831883907318115
1022,2.5090012550354004
1023,2.569093942642212
1024,2.662590265274048
1025,1.5217132568359375
1026,2.273672580718994
1027,2.126812219619751
1028,1.9634954929351807
1029,1.8344261646270752
1030,1.9625141620635986
1031,2.213927984237671
1032,1.1424181461334229
1033,1.7300962209701538
1034,1.756656289100647
1035,1.6996740102767944
1036,1.7466015815734863
1037,2.016517162322998
1038,2.5609376430511475
1039,2.075834274291992
1040,1.829094409942627
1041,2.029686689376831
1042,2.232862710952759
1043,1.3922697305679321
1044,1.9904661178588867
1045,2.2107672691345215
1046,3.3637337684631348
1047,4.031782150268555
1048,4.443881511688232
1049,4.405301094055176
1050,4.157994747161865
1051,3.506507158279419
1052,2.276843309402466
1053,3.4118289947509766
1054,3.763136386871338
1055,3.563298225402832
1056,3.166585683822632
1057,3.1192495822906494
1058,2.0718462467193604
1059,1.290287733078003
1060,2.7638602256774902
1061,2.8615310192108154
1062,2.6752192974090576
1063,2.4967312812805176
1064,2.321775436401367
1065,2.4115631580352783
1066,1.5840144157409668
1067,2.423760175704956
1068,2.5627572536468506
1069,2.3872971534729004
1070,2.2915239334106445
1071,1.8992186784744263
1072,2.327730655670166
1073,2.4693052768707275
1074,1.3985117673873901
1075,2.4358370304107666
1076,2.538614511489868
1077,2.4989538192749023
1078,2.6029419898986816
1079,2.6292927265167236
1080,2.842400550842285
1081,1.617982268333435
1082,2.369415283203125
1083,2.228078603744507
1084,2.125917911529541
1085,1.9345091581344604
1086,2.0587210655212402
1087,2.308291435241699
1088,1.1802115440368652
1089,1.8519530296325684
1090,1.8891875743865967
1091,1.7226418256759644
1092,1.8040568828582764
1093,2.072298765182495
1094,2.6064400672912598
1095,1.5338668823242188
1096,1.9792149066925049
1097,2.071406126022339
1098,1.943005084991455
1099,2.0855560302734375
1100,2.3194310665130615
1101,1.5111602544784546
1102,1.9230941534042358
1103,2.0489087104797363
1104,1.5399607419967651
1105,2.189741611480713
1106,2.999647855758667
1107,2.138209581375122
1108,2.131317377090454
1109,2.2538881301879883
1110,4.696791648864746
1111,4.969380855560303
1112,1.6476330757141113
1113,3.3702893257141113
1114,2.2954347133636475
1115,3.5744457244873047
1116,4.842282295227051
1117,4.137363433837891
1118,3.61059832572937
1119,4.864628791809082
1120,4.730045795440674
1121,4.382778644561768
1122,2.228933572769165
1123,4.347620010375977
1124,4.673551082611084
1125,4.760633945465088
1126,4.2118659019470215
1127,4.344551086425781
1128,4.374310493469238
1129,2.267707586288452
1130,4.681591033935547
1131,4.413674354553223
1132,4.666993141174316
1133,4.876986980438232
1134,5.555689811706543
1135,5.715150833129883
1136,7.3515191078186035
1137,6.2433671951293945
1138,5.443831443786621
1139,5.6778669357299805
1140,6.413619041442871
1141,7.850170135498047
1142,13.894506454467773
1143,16.502578735351562
1144,14.592068672180176
1145,11.022479057312012
1146,12.57319450378418
1147,5.860005855560303
1148,11.249357223510742
1149,9.210172653198242
1150,9.943476676940918
1151,9.903217315673828
1152,10.094493865966797
1153,11.186005592346191
1154,6.237414836883545
1155,11.85721492767334
1156,11.606414794921875
1157,11.808561325073242
1158,11.835204124450684
1159,13.528483390808105
1160,14.460041046142578
1161,7.125727653503418
1162,19.277421951293945
1163,18.60584831237793
1164,21.607614517211914
1165,13.011700630187988
1166,23.000558853149414
1167,26.72278594970703
1168,2.5210256576538086
1169,2.529054641723633
1170,2.4958062171936035
1171,2.5583691596984863
1172,2.080634355545044
1173,1.4177932739257812
1174,2.3247361183166504
1175,2.318557024002075
1176,2.2008650302886963
1177,1.9860960245132446
1178,1.9770088195800781
1179,1.3930573463439941
1180,0.7315927147865295
1181,1.8752177953720093
1182,1.961732268333435
1183,1.9117196798324585
1184,1.880231499671936
1185,1.9416306018829346
1186,1.976435899734497
1187,1.258872151374817
1188,2.000190019607544
1189,2.111114263534546
1190,1.891856074333191
1191,1.9147745370864868
1192,1.6200140714645386
1193,2.031665325164795
1194,2.1376330852508545
1195,2.087291717529297
1196,1.9839667081832886
1197,1.982536792755127
1198,1.9714385271072388
1199,1.5236899852752686
1200,2.0547256469726562
1201,2.1571505069732666
1202,1.9203770160675049
1203,1.9952055215835571
1204,2.1925246715545654
1205,1.3732157945632935
1206,1.8853241205215454
1207,1.9739525318145752
1208,1.3190001249313354
1209,1.3480252027511597
1210,1.3061645030975342
1211,1.3642408847808838
1212,1.387558937072754
1213,1.1325552463531494
1214,0.8947322368621826
1215,1.3766331672668457
1216,1.3592779636383057
1217,1.2574079036712646
1218,1.1494073867797852
1219,1.1882730722427368
1220,0.9059159159660339
1221,0.4391326308250427
1222,1.2850717306137085
1223,1.3283836841583252
1224,1.2416493892669678
1225,1.2868998050689697
1226,1.3101911544799805
1227,1.3649102449417114
1228,1.317476511001587
1229,1.4188165664672852
1230,1.2972841262817383
1231,1.3486498594284058
1232,1.2014065980911255
1233,1.4549529552459717
1234,1.605355143547058
1235,1.1227006912231445
1236,1.389465093612671
1237,1.442265272140503
1238,0.9753762483596802
1239,1.1232247352600098
1240,1.040177345275879
1241,1.061917781829834
1242,0.9638073444366455
1243,1.1230506896972656
1244,1.490932583808899
1245,0.7334756255149841
1246,1.1217538118362427
1247,1.1407968997955322
1248,1.08733069896698
1249,1.1577767133712769
1250,1.3703051805496216
1251,1.748923659324646
1252,1.1632349491119385
1253,1.1870918273925781
1254,1.384985327720642
1255,1.5563833713531494
1256,1.0628927946090698
1257,1.4265756607055664
1258,5.161884784698486
1259,5.391942024230957
1260,5.476536750793457
1261,5.504531383514404
1262,5.362245082855225
1263,4.666548252105713
1264,2.720656633377075
1265,4.624800205230713
1266,4.983221530914307
1267,4.641798496246338
1268,4.269930362701416
1269,4.29164981842041
1270,3.5187268257141113
1271,2.073972702026367
1272,4.217167854309082
1273,4.422948837280273
1274,4.370553493499756
1275,4.444220066070557
1276,4.194973945617676
1277,4.010913372039795
1278,2.730797290802002
1279,4.16361665725708
1280,4.486367702484131
1281,4.442240238189697
1282,4.4887375831604
1283,3.9116220474243164
1284,4.650784492492676
1285,5.047768592834473
1286,4.50045108795166
1287,6.496801853179932
1288,6.871574401855469
1289,6.757308483123779
1290,6.7938055992126465
1291,6.929222583770752
1292,7.465376853942871
1293,3.9469010829925537
1294,5.580435752868652
1295,5.780434608459473
1296,5.2548370361328125
1297,4.726780891418457
1298,5.066413879394531
1299,5.890035629272461
1300,3.214771270751953
1301,4.676590919494629
1302,4.850696086883545
1303,4.687925815582275
1304,4.654030799865723
1305,4.88441801071167
1306,6.0887131690979
1307,3.133043050765991
1308,4.712571144104004
1309,4.820206165313721
1310,4.634462356567383
1311,4.867915153503418
1312,5.375973224639893
1313,3.4123141765594482
1314,4.703092575073242
1315,5.439969539642334
1316,5.440431594848633
1317,5.851125717163086
1318,5.498761177062988
1319,5.812708854675293
1320,5.4287028312683105
1321,5.005565643310547
1322,2.713752508163452
1323,4.759347438812256
1324,5.128079414367676
1325,4.847422122955322
1326,4.518396854400635
1327,4.431224346160889
1328,3.733023166656494
1329,4.390418529510498
1330,4.998417377471924
1331,4.8078389167785645
1332,4.955124855041504
1333,4.880957126617432
1334,4.694608688354492
1335,2.920163631439209
1336,4.860546112060547
1337,4.9699249267578125
1338,4.548044681549072
1339,4.638928413391113
1340,3.9843804836273193
1341,4.826869487762451
1342,5.166901111602783
1343,2.040224075317383
1344,3.0529308319091797
1345,3.2958788871765137
1346,3.527301549911499
1347,3.606825590133667
1348,3.5128462314605713
1349,3.817138910293579
1350,2.3241584300994873
1351,3.233912229537964
1352,3.208042621612549
1353,3.0463314056396484
1354,2.9639387130737305
1355,3.024378538131714
1356,3.3762903213500977
1357,2.084407091140747
1358,3.0128321647644043
1359,3.1343915462493896
1360,2.953320026397705
1361,3.122575044631958
1362,3.147338628768921
1363,3.7987756729125977
1364,3.4647505283355713
1365,3.163745880126953
1366,3.3076627254486084
1367,3.701544761657715
1368,2.252101182937622
1369,3.2166335582733154
1370,3.952559232711792
1371,2.421797275543213
1372,2.6217398643493652
1373,2.7365620136260986
1374,2.870664119720459
1375,2.7764811515808105
1376,2.267133951187134
1377,1.4692027568817139
1378,2.50724196434021
1379,2.479956865310669
1380,2.345290184020996
1381,2.188162088394165
1382,2.0994057655334473
1383,1.5880813598632812
1384,0.9397636651992798
1385,2.1428275108337402
1386,2.168973684310913
1387,1.9940935373306274
1388,2.0440053939819336
1389,2.0924413204193115
1390,2.164412498474121
1391,1.3750851154327393
1392,2.16206431388855
1393,2.3264212608337402
1394,2.181459903717041
1395,2.1966946125030518
1396,1.8567498922348022
1397,2.3823564052581787
1398,2.596752166748047
1399,1.412325382232666
1400,2.3850276470184326
1401,2.4661972522735596
1402,2.600147008895874
1403,2.5961570739746094
1404,2.748838186264038
1405,2.9026949405670166
1406,1.7092041969299316
1407,2.423739433288574
1408,2.304478168487549
1409,2.173433780670166
1410,2.0190486907958984
1411,2.1356418132781982
1412,2.3826258182525635
1413,1.3045825958251953
1414,1.9931375980377197
1415,2.001610517501831
1416,1.900915265083313
1417,1.9787184000015259
1418,2.204425811767578
1419,2.780402898788452
1420,1.6440885066986084
1421,2.235241174697876
1422,2.2956559658050537
1423,2.171849012374878
1424,2.3118813037872314
1425,2.5328922271728516
1426,1.7316672801971436
1427,2.3273370265960693
1428,2.558838129043579
1429,13.008563995361328
1430,11.32280158996582
1431,11.620651245117188
1432,13.4766206741333
1433,12.733094215393066
1434,12.148590087890625
1435,7.21079158782959
1436,13.579559326171875
1437,10.88703727722168
1438,12.968788146972656
1439,11.007439613342285
1440,10.418012619018555
1441,9.47944164276123
1442,7.043172359466553
1443,16.389328002929688
1444,11.13627815246582
1445,11.978375434875488
1446,11.156742095947266
1447,11.703740119934082
1448,13.464457511901855
1449,9.0659761428833
1450,14.500810623168945
1451,11.416092872619629
1452,14.719094276428223
1453,14.443901062011719
1454,17.571582794189453
1455,21.471498489379883
1456,18.374202728271484
1457,11.404740333557129
1458,19.060148239135742
1459,21.29979133605957
1460,30.492904663085938
1461,30.34123992919922
1462,31.089828491210938
1463,29.303070068359375
1464,15.401666641235352
1465,21.087604522705078
1466,27.021108627319336
1467,30.187929153442383
1468,29.89833641052246
1469,28.615585327148438
1470,28.3046875
1471,8.38541316986084
1472,16.031408309936523
1473,27.706073760986328
1474,26.709606170654297
1475,27.19975471496582
1476,37.831687927246094
1477,35.97037124633789
1478,23.272930145263672
1479,31.471174240112305
1480,46.16233825683594
1481,53.355777740478516
1482,59.10109329223633
1483,35.701786041259766
1484,13.881351470947266
1485,26.54557228088379
1486,29.021812438964844
1487,8.578885078430176
1488,7.219372749328613
1489,8.633746147155762
1490,9.757500648498535
1491,13.906684875488281
1492,9.81535530090332
1493,5.020683288574219
1494,7.472801685333252
1495,11.181990623474121
1496,9.166975975036621
1497,9.02377986907959
1498,8.952513694763184
1499,9.117877960205078
1500,4.998070240020752
1501,7.044051647186279
1502,11.579072952270508
1503,10.535998344421387
1504,12.968548774719238
1505,10.854512214660645
1506,12.043734550476074
1507,4.446661949157715
1508,7.833071231842041
1509,15.859532356262207
1510,12.855058670043945
1511,11.753134727478027
1512,10.703824043273926
1513,12.950423240661621
1514,4.860962390899658
1515,8.20408821105957
1516,11.315169334411621
1517,12.076494216918945
1518,12.039220809936523
1519,11.784038543701172
1520,12.827332496643066
1521,7.446175575256348
1522,11.562919616699219
1523,9.793962478637695
1524,9.785947799682617
1525,9.493868827819824
1526,12.039457321166992
1527,11.47347354888916
1528,6.32720947265625
1529,11.785588264465332
1530,11.147616386413574
1531,11.21220588684082
1532,12.45720386505127
1533,13.83253288269043
1534,16.081073760986328
1535,10.104181289672852
1536,18.700498580932617
1537,23.71343994140625
1538,29.21504020690918
1539,27.337820053100586
1540,9.020055770874023
1541,3.0154714584350586
1542,2.768749952316284
1543,2.6438920497894287
1544,2.645542860031128
1545,2.700132369995117
1546,2.194746494293213
1547,1.4601407051086426
1548,2.3813962936401367
1549,2.3703064918518066
1550,2.2656123638153076
1551,2.113720655441284
1552,2.1204206943511963
1553,1.4628407955169678
1554,2.040895462036133
1555,2.1804392337799072
1556,2.0905826091766357
1557,2.1324167251586914
1558,2.1769533157348633
1559,2.2160003185272217
1560,1.4095473289489746
1561,2.116365671157837
1562,2.3183979988098145
1563,2.1927027702331543
1564,2.1973156929016113
1565,1.82430899143219
1566,2.3043055534362793
1567,2.4816417694091797
1568,0.9527227282524109
1569,1.6595500707626343
1570,1.6695129871368408
1571,1.5318596363067627
1572,1.754901647567749
1573,1.819867730140686
1574,2.179558038711548
1575,1.1993831396102905
1576,1.7545239925384521
1577,1.7214622497558594
1578,1.682028889656067
1579,1.6151527166366577
1580,1.694471836090088
1581,1.9575856924057007
1582,0.9752300381660461
1583,1.6883301734924316
1584,1.6311960220336914
1585,1.5630990266799927
1586,1.6238961219787598
1587,1.830085277557373
1588,2.405526876449585
1589,1.4918317794799805
1590,1.8597337007522583
1591,1.87135910987854
1592,2.0164356231689453
1593,2.212757110595703
1594,1.43229341506958
1595,1.935409665107727
1596,2.0306713581085205
1597,4.311878204345703
1598,4.717144966125488
1599,4.843903541564941
1600,5.264331340789795
1601,5.3119707107543945
1602,4.69456672668457
1603,2.247213125228882
1604,4.565535068511963
1605,4.968272686004639
1606,4.96527624130249
1607,5.122649669647217
1608,4.449378490447998
1609,2.0218112468719482
1610,3.7353451251983643
1611,4.5374016761779785
1612,4.515719413757324
1613,4.624827861785889
1614,5.344795227050781
1615,5.08188009262085
1616,2.6895837783813477
1617,4.9045515060424805
1618,5.616551399230957
1619,5.537463188171387
1620,5.558803081512451
1621,4.894033432006836
1622,4.615682125091553
1623,5.631953716278076
1624,2.014232873916626
1625,3.8870153427124023
1626,4.582450866699219
1627,4.938149452209473
1628,4.693151950836182
1629,5.567995548248291
1630,6.483789443969727
1631,3.134528636932373
1632,4.4396867752075195
1633,4.650571823120117
1634,4.804250717163086
1635,5.258935451507568
1636,2.70552921295166
1637,3.960322856903076
1638,4.092244625091553
1639,4.481231212615967
1640,4.627042770385742
1641,5.712858200073242
1642,7.470492362976074
1643,3.3885841369628906
1644,4.9988837242126465
1645,5.290920257568359
1646,5.643589496612549
1647,6.714164733886719
1648,7.454716682434082
1649,3.5116994380950928
1650,4.678905963897705
1651,5.846421718597412
1652,11.452094078063965
1653,10.658684730529785
1654,11.875670433044434
1655,20.075275421142578
1656,22.28512954711914
1657,18.367128372192383
1658,5.602087497711182
1659,13.318742752075195
1660,10.458687782287598
1661,11.976195335388184
1662,11.873248100280762
1663,11.710589408874512
1664,9.227091789245605
1665,6.199065685272217
1666,12.930380821228027
1667,11.961520195007324
1668,10.938177108764648
1669,14.57742977142334
1670,9.592866897583008
1671,14.087180137634277
1672,6.401566505432129
1673,12.692994117736816
1674,10.629471778869629
1675,15.0768461227417
1676,14.347846031188965
1677,11.538045883178711
1678,13.493230819702148
1679,4.150586128234863
1680,10.577275276184082
1681,12.626852989196777
1682,14.196742057800293
1683,17.358779907226562
1684,16.868392944335938
1685,15.048206329345703
1686,7.618299961090088
1687,12.96105670928955
1688,12.934087753295898
1689,12.101648330688477
1690,12.038867950439453
1691,10.9171781539917
1692,12.729021072387695
1693,8.442837715148926
1694,11.738369941711426
1695,9.763859748840332
1696,12.446474075317383
1697,11.63778018951416
1698,13.780538558959961
1699,16.44303321838379
1700,8.62062931060791
1701,20.65264129638672
1702,19.303434371948242
1703,19.34003448486328
1704,26.31732177734375
1705,26.594911575317383
1706,1.3899530172348022
1707,1.3732064962387085
1708,1.4051263332366943
1709,1.494247317314148
1710,1.6390775442123413
1711,1.1819288730621338
1712,1.3859714269638062
1713,1.5265380144119263
1714,1.399951457977295
1715,1.322344422340393
1716,1.4036600589752197
1717,1.0704079866409302
1718,1.4198168516159058
1719,1.4842251539230347
1720,1.4053317308425903
1721,1.463707685470581
1722,1.4318952560424805
1723,1.5480401515960693
1724,1.5584648847579956
1725,1.5911983251571655
1726,1.552168369293213
1727,1.6581202745437622
1728,1.474353551864624
1729,1.7589958906173706
1730,1.8949573040008545
1731,0.6523243188858032
1732,1.200105905532837
1733,1.2249722480773926
1734,1.1142492294311523
1735,1.1958848237991333
1736,1.4402981996536255
1737,1.4433501958847046
1738,0.8231806755065918
1739,1.2595943212509155
1740,1.1588876247406006
1741,1.0736163854599
1742,0.9837989211082458
1743,1.1871217489242554
1744,1.4655768871307373
1745,1.1346328258514404
1746,1.1461137533187866
1747,1.047914743423462
1748,1.1471971273422241
1749,1.2660447359085083
1750,1.1124159097671509
1751,1.385380744934082
1752,1.4280143976211548
1753,1.2776544094085693
1754,1.295135498046875
1755,2.28702449798584
1756,2.244844913482666
1757,2.1825997829437256
1758,2.2079317569732666
1759,2.2898025512695312
1760,1.9688609838485718
1761,1.3112951517105103
1762,2.114896774291992
1763,2.13688325881958
1764,1.9331159591674805
1765,1.8458986282348633
1766,1.9102939367294312
1767,1.2854384183883667
1768,0.8245589137077332
1769,2.0993452072143555
1770,1.9166839122772217
1771,1.8348971605300903
1772,2.0249452590942383
1773,2.3609728813171387
1774,2.6376051902770996
1775,1.7155970335006714
1776,2.651749849319458
1777,2.6796646118164062
1778,2.2251298427581787
1779,2.3147976398468018
1780,2.007737398147583
1781,2.2541916370391846
1782,2.4730231761932373
1783,1.0808321237564087
1784,2.173400402069092
1785,2.0769309997558594
1786,1.900536298751831
1787,1.972934365272522
1788,2.1559884548187256
1789,2.376976251602173
1790,1.3905580043792725
1791,1.9315316677093506
1792,1.8826944828033447
1793,1.7132415771484375
1794,1.565058946609497
1795,1.7007184028625488
1796,2.060741901397705
1797,1.0481476783752441
1798,1.6677554845809937
1799,1.7437134981155396
1800,1.7075269222259521
1801,1.8484423160552979
1802,2.4118192195892334
1803,3.014301061630249
1804,2.514145612716675
1805,2.618821382522583
1806,2.2068614959716797
1807,2.3818960189819336
1808,2.6182572841644287
1809,1.6461334228515625
1810,2.0008649826049805
1811,2.326228618621826
1812,2.040466070175171
1813,2.1771390438079834
1814,2.148361921310425
1815,2.1216585636138916
1816,2.116136074066162
1817,1.7991845607757568
1818,2.05452036857605
1819,2.1453747749328613
1820,1.9562159776687622
1821,1.8503791093826294
1822,1.832033395767212
1823,1.4058802127838135
1824,1.9621706008911133
1825,2.0388479232788086
1826,1.869482398033142
1827,1.9527350664138794
1828,1.9547683000564575
1829,2.1493325233459473
1830,2.030460834503174
1831,2.2178585529327393
1832,1.9705264568328857
1833,2.0067315101623535
1834,1.772438883781433
1835,2.2535653114318848
1836,2.484278917312622
1837,1.0700974464416504
1838,2.0461442470550537
1839,1.872461199760437
1840,1.8833906650543213
1841,1.9620600938796997
1842,1.997266173362732
1843,2.1551108360290527
1844,1.1933107376098633
1845,1.8001718521118164
1846,1.7675235271453857
1847,1.6560068130493164
1848,1.5497740507125854
1849,1.715949535369873
1850,1.9440796375274658
1851,0.9865471720695496
1852,1.686474323272705
1853,1.6644401550292969
1854,1.5212262868881226
1855,1.617983341217041
1856,2.244565725326538
1857,1.4854164123535156
1858,1.7198643684387207
1859,1.6868151426315308
1860,1.8515052795410156
1861,2.179455280303955
1862,1.3240264654159546
1863,1.9118374586105347
1864,2.0987746715545654
1865,8.610058784484863
1866,9.833468437194824
1867,9.706132888793945
1868,9.259133338928223
1869,8.727058410644531
1870,7.9210381507873535
1871,4.879779815673828
1872,7.4060139656066895
1873,7.196139812469482
1874,6.809192657470703
1875,6.238802433013916
1876,5.79752779006958
1877,4.807240962982178
1878,2.580678939819336
1879,5.777697563171387
1880,6.341344356536865
1881,5.848295211791992
1882,5.907342433929443
1883,5.632766246795654
1884,5.191404819488525
1885,3.270940065383911
1886,5.638153076171875
1887,6.325446605682373
1888,5.624871253967285
1889,5.842311859130859
1890,5.039628505706787
1891,5.838955402374268
1892,6.419739246368408
1893,4.266867160797119
1894,7.141635894775391
1895,7.6016387939453125
1896,6.778703689575195
1897,7.505180358886719
1898,7.323561191558838
1899,7.843163967132568
1900,4.2296671867370605
1901,6.6489338874816895
1902,6.538971900939941
1903,6.225740432739258
1904,5.4252448081970215
1905,6.030163764953613
1906,6.282086372375488
1907,3.6813225746154785
1908,5.788857936859131
1909,6.009829044342041
1910,5.66989278793335
1911,5.821838855743408
1912,6.159161567687988
1913,7.292670726776123
1914,3.918743133544922
1915,6.213556289672852
1916,6.461194038391113
1917,5.919760704040527
1918,6.214991569519043
1919,6.983944416046143
1920,4.249485492706299
1921,5.783015251159668
1922,7.567318439483643
1923,2.3515772819519043
1924,2.12526273727417
1925,2.0434911251068115
1926,2.3699731826782227
1927,2.4186806678771973
1928,2.338043451309204
1929,2.4552597999572754
1930,2.388017177581787
1931,2.2056527137756348
1932,2.1651177406311035
1933,2.358504056930542
1934,1.948815107345581
1935,1.112828016281128
1936,2.007044553756714
1937,2.134096145629883
1938,2.0362792015075684
1939,2.176797389984131
1940,3.3184216022491455
1941,2.559392213821411
1942,3.2156338691711426
1943,4.757317543029785
1944,3.8330373764038086
1945,3.773329973220825
1946,4.091622829437256
1947,4.713748455047607
1948,4.803496360778809
1949,1.8947455883026123
1950,4.090665340423584
1951,5.503366470336914
1952,3.9361112117767334
1953,4.057505130767822
1954,4.032354354858398
1955,4.807167053222656
1956,4.017393112182617
1957,4.530211925506592
1958,6.15202522277832
1959,6.981840133666992
1960,6.187330722808838
1961,6.3989434242248535
1962,5.000695705413818
1963,3.376528739929199
1964,3.4855175018310547
1965,3.483335018157959
1966,3.55829119682312
1967,3.2479801177978516
1968,2.697612762451172
1969,1.921410083770752
1970,2.9753611087799072
1971,3.1745941638946533
1972,2.921651601791382
1973,2.8570826053619385
1974,2.6474926471710205
1975,1.948923110961914
1976,0.9345794320106506
1977,2.5090579986572266
1978,2.5769951343536377
1979,2.3414604663848877
1980,2.346233367919922
1981,2.3018100261688232
1982,2.32620906829834
1983,1.5621325969696045
1984,2.2938029766082764
1985,2.549088478088379
1986,2.291534662246704
1987,2.29038405418396
1988,2.0154380798339844
1989,2.4259634017944336
1990,2.6963515281677246
1991,1.0192477703094482
1992,1.7220042943954468
1993,1.8740378618240356
1994,1.9410513639450073
1995,2.0144972801208496
1996,2.1200010776519775
1997,2.2935755252838135
1998,1.2957305908203125
1999,1.8263658285140991
2000,1.7952711582183838
2001,1.690850853919983
2002,1.572754979133606
2003,1.7158218622207642
2004,2.0558242797851562
2005,1.067318320274353
2006,1.7240160703659058
2007,1.7736505270004272
2008,1.6501444578170776
2009,1.7517181634902954
2010,1.9313098192214966
2011,2.5478053092956543
2012,2.1245248317718506
2013,2.011796474456787
2014,1.9137579202651978
2015,2.072615623474121
2016,2.391016960144043
2017,1.4759938716888428
2018,2.1016855239868164
2019,2.308084487915039
2020,6.151608467102051
2021,6.398138999938965
2022,6.0073957443237305
2023,6.375657558441162
2024,6.413534641265869
2025,5.196398735046387
2026,3.5887882709503174
2027,5.255312919616699
2028,5.419564723968506
2029,5.317435264587402
2030,4.907557487487793
2031,4.607346534729004
2032,3.9901483058929443
2033,2.2519872188568115
2034,4.596988201141357
2035,5.1036601066589355
2036,4.791515350341797
2037,4.765318870544434
2038,4.600857734680176
2039,4.41544246673584
2040,2.909526824951172
2041,4.728450775146484
2042,5.097845077514648
2043,4.653470516204834
2044,4.701776504516602
2045,4.152395725250244
2046,4.976734638214111
2047,5.324704647064209
2048,3.263852596282959
2049,5.187180519104004
2050,5.768917083740234
2051,5.6435065269470215
2052,6.080782890319824
2053,5.831407070159912
2054,6.675540924072266
2055,3.3041563034057617
2056,5.286948204040527
2057,5.418341636657715
2058,5.242345809936523
2059,4.8417863845825195
2060,4.913509368896484
2061,5.446706295013428
2062,2.659026861190796
2063,4.609196186065674
2064,4.953347206115723
2065,4.620972633361816
2066,4.744930267333984
2067,4.985551834106445
2068,6.0323357582092285
2069,3.0767009258270264
2070,4.81170654296875
2071,5.15841007232666
2072,4.7641706466674805
2073,4.9913859367370605
2074,5.436163902282715
2075,3.487449884414673
2076,4.661431312561035
2077,5.572197914123535
2078,4.954204082489014
2079,5.193429946899414
2080,4.69479513168335
2081,4.993295192718506
2082,4.777124881744385
2083,4.387714862823486
2084,2.9599015712738037
2085,4.547203063964844
2086,4.886682033538818
2087,4.51968240737915
2088,4.200997352600098
2089,4.001079082489014
2090,3.4093167781829834
2091,2.083760976791382
2092,4.080407619476318
2093,4.3984761238098145
2094,4.298895359039307
2095,4.31312894821167
2096,3.934335470199585
2097,3.8840384483337402
2098,2.720762252807617
2099,3.9768080711364746
2100,4.386392116546631
2101,4.168407917022705
2102,4.213587284088135
2103,3.7333242893218994
2104,4.559432029724121
2105,5.132185935974121
2106,3.9396965503692627
2107,6.710689067840576
2108,7.063726425170898
2109,6.473971366882324
2110,6.616405487060547
2111,6.6109747886657715
2112,7.1359405517578125
2113,3.8986704349517822
2114,5.673891544342041
2115,5.364081382751465
2116,5.119393348693848
2117,4.493352890014648
2118,4.8321452140808105
2119,5.665614604949951
2120,3.1192281246185303
2121,4.683346748352051
2122,4.876492977142334
2123,4.482188701629639
2124,4.671982288360596
2125,4.673008918762207
2126,6.119765281677246
2127,3.1860415935516357
2128,4.722155570983887
2129,4.902204990386963
2130,4.716146945953369
2131,4.811176776885986
2132,5.553153038024902
2133,3.6045327186584473
2134,4.72901725769043
2135,5.574491024017334
2136,6.899728298187256
2137,7.634498119354248
2138,8.044706344604492
2139,8.164896965026855
2140,8.025325775146484
2141,7.234323978424072
2142,4.40775728225708
2143,6.8452348709106445
2144,7.162870407104492
2145,7.006146430969238
2146,6.237257957458496
2147,5.8224921226501465
2148,5.0469746589660645
2149,2.844421625137329
2150,6.186489582061768
2151,6.234742641448975
2152,6.089501857757568
2153,5.949649333953857
2154,5.869535446166992
2155,5.847269058227539
2156,3.5723791122436523
2157,5.979791164398193
2158,6.483475208282471
2159,5.889930248260498
2160,5.945095539093018
2161,5.357033729553223
2162,6.3062615394592285
2163,6.672287940979004
2164,5.549978256225586
2165,7.704329490661621
2166,8.707042694091797
2167,7.78515625
2168,8.664896011352539
2169,8.725591659545898
2170,8.963699340820312
2171,5.223048686981201
2172,7.029882907867432
2173,6.969104766845703
2174,6.729017734527588
2175,6.157209873199463
2176,5.50574254989624
2177,6.69964599609375
2178,3.7907867431640625
2179,5.918361186981201
2180,6.408127307891846
2181,6.001608848571777
2182,5.990755558013916
2183,6.3641767501831055
2184,7.964734077453613
2185,4.507862567901611
2186,6.512482166290283
2187,6.542699813842773
2188,6.1188435554504395
2189,6.283393383026123
2190,7.409041404724121
2191,4.784047603607178
2192,6.272479057312012
2193,7.469031810760498
2194,4.285600185394287
2195,4.2873663902282715
2196,3.9202823638916016
2197,4.499239921569824
2198,4.295171737670898
2199,3.5526702404022217
2200,2.4220876693725586
2201,4.1184163093566895
2202,4.3120245933532715
2203,3.9081473350524902
2204,3.7142887115478516
2205,3.4815993309020996
2206,2.7143404483795166
2207,1.6612975597381592
2208,3.651869058609009
2209,3.4833872318267822
2210,3.1426734924316406
2211,3.1347877979278564
2212,2.717801570892334
2213,3.008854389190674
2214,2.2291040420532227
2215,2.9920225143432617
2216,3.1193573474884033
2217,2.9927878379821777
2218,3.051055669784546
2219,2.6471006870269775
2220,3.359184503555298
2221,3.84393048286438
2222,2.1199235916137695
2223,3.1857264041900635
2224,3.228907823562622
2225,3.259260892868042
2226,3.5519440174102783
2227,3.3716976642608643
2228,3.5892481803894043
2229,2.2981691360473633
2230,3.2617099285125732
2231,3.229512929916382
2232,2.9570460319519043
2233,2.689089775085449
2234,2.7108795642852783
2235,3.198880195617676
2236,2.0734176635742188
2237,2.9369232654571533
2238,2.9438788890838623
2239,2.5645363330841064
2240,2.702190637588501
2241,2.7723326683044434
2242,2.1276073455810547
2243,2.8821425437927246
2244,2.8669545650482178
2245,2.6900012493133545
2246,2.8893887996673584
2247,3.260427951812744
2248,2.1197423934936523
2249,2.9276974201202393
2250,3.5238053798675537
2251,2.8341429233551025
2252,2.485903739929199
2253,2.461550712585449
2254,2.9180028438568115
2255,2.918548345565796
2256,2.868732452392578
2257,1.9294072389602661
2258,2.747051477432251
2259,2.6412057876586914
2260,2.5563368797302246
2261,2.4359941482543945
2262,2.362614870071411
2263,1.9166526794433594
2264,1.0207457542419434
2265,2.0620100498199463
2266,2.263728141784668
2267,2.0459282398223877
2268,2.2059218883514404
2269,2.668210744857788
2270,2.802859306335449
2271,1.8313857316970825
2272,2.9340720176696777
2273,3.086402416229248
2274,2.502514123916626
2275,2.5615310668945312
2276,2.3610291481018066
2277,2.6296510696411133
2278,2.7716586589813232
2279,1.384714961051941
2280,2.4457528591156006
2281,2.548405170440674
2282,2.5428128242492676
2283,2.7105307579040527
2284,3.18245530128479
2285,3.0930709838867188
2286,1.7756398916244507
2287,2.6620185375213623
2288,2.639965057373047
2289,2.4942097663879395
2290,2.3882477283477783
2291,2.3301358222961426
2292,2.5217602252960205
2293,1.2697007656097412
2294,2.1506171226501465
2295,2.23940110206604
2296,1.9793096780776978
2297,2.1838176250457764
2298,3.1015024185180664
2299,3.0198802947998047
2300,2.3380229473114014
2301,2.4512929916381836
2302,2.725074529647827
2303,1.8927066326141357
2304,2.4377634525299072
2305,2.824357271194458
2306,2.7863991260528564
2307,2.893775224685669
2308,2.8306312561035156
2309,3.0120601654052734
2310,2.9819557666778564
2311,2.4816246032714844
2312,1.6341242790222168
2313,2.7506659030914307
2314,2.8208398818969727
2315,2.5699031352996826
2316,2.31486177444458
2317,2.224453926086426
2318,1.7662442922592163
2319,0.9420491456985474
2320,2.404524087905884
2321,2.4281320571899414
2322,2.209702491760254
2323,2.20884370803833
2324,2.235473394393921
2325,2.488961696624756
2326,1.5326955318450928
2327,2.5706100463867188
2328,2.8165221214294434
2329,2.417675018310547
2330,2.422178030014038
2331,2.097172737121582
2332,2.6281023025512695
2333,2.9162535667419434
2334,1.3209129571914673
2335,2.331425189971924
2336,2.510880470275879
2337,2.3897383213043213
2338,2.5155200958251953
2339,2.678542375564575
2340,2.998385429382324
2341,1.7043907642364502
2342,2.4563498497009277
2343,2.4358315467834473
2344,2.243863821029663
2345,2.023573398590088
2346,2.176541566848755
2347,2.4090707302093506
2348,1.2703602313995361
2349,2.0328662395477295
2350,2.127314805984497
2351,1.934898018836975
2352,1.9980506896972656
2353,2.223205089569092
2354,2.9911551475524902
2355,1.7557857036590576
2356,2.589482069015503
2357,2.694002628326416
2358,2.304840326309204
2359,2.4089226722717285
2360,2.7779653072357178
2361,1.6637221574783325
2362,2.497990608215332
2363,2.977423906326294
2364,2.056412935256958
2365,2.0086472034454346
2366,1.9824223518371582
2367,2.169193744659424
2368,2.047057867050171
2369,1.8556870222091675
2370,1.150589942932129
2371,1.899336338043213
2372,1.9351359605789185
2373,1.8078995943069458
2374,1.746349811553955
2375,1.7717630863189697
2376,1.4125916957855225
2377,0.6476536989212036
2378,1.8061800003051758
2379,1.836982011795044
2380,1.6978367567062378
2381,1.7068705558776855
2382,1.9077191352844238
2383,1.982605218887329
2384,1.270875096321106
2385,2.0142271518707275
2386,2.184821128845215
2387,1.8516662120819092
2388,1.916968584060669
2389,1.6829321384429932
2390,2.0398833751678467
2391,2.1603386402130127
2392,0.8540253043174744
2393,1.6007959842681885
2394,1.5565485954284668
2395,1.553321123123169
2396,1.7404861450195312
2397,2.025165557861328
2398,1.9558879137039185
2399,1.015647292137146
2400,1.6372172832489014
2401,1.6804202795028687
2402,1.5580410957336426
2403,1.4334183931350708
2404,1.5293093919754028
2405,1.808293104171753
2406,0.8811076879501343
2407,1.4984161853790283
2408,1.4812798500061035
2409,1.349833607673645
2410,1.3873403072357178
2411,1.6212407350540161
2412,1.3933708667755127
2413,1.5342754125595093
2414,1.4279392957687378
2415,1.5918450355529785
2416,1.7841321229934692
2417,1.1669065952301025
2418,1.6365911960601807
2419,1.6957329511642456
2420,4.1407856941223145
2421,4.639739036560059
2422,4.5535712242126465
2423,4.673527240753174
2424,4.360509872436523
2425,3.7978744506835938
2426,2.6939163208007812
2427,4.312661170959473
2428,4.436812400817871
2429,4.181649208068848
2430,3.8180055618286133
2431,3.802459478378296
2432,3.17893385887146
2433,2.097264289855957
2434,4.057924270629883
2435,4.1899919509887695
2436,3.939171314239502
2437,4.027863502502441
2438,3.8263721466064453
2439,3.968060255050659
2440,2.8031654357910156
2441,4.084072113037109
2442,4.374617099761963
2443,4.115593910217285
2444,4.078932762145996
2445,3.578446388244629
2446,4.604509353637695
2447,5.214910984039307
2448,4.083715438842773
2449,6.075901985168457
2450,6.723341941833496
2451,6.369322776794434
2452,6.387267112731934
2453,6.400138854980469
2454,6.599642753601074
2455,3.385310411453247
2456,5.368117809295654
2457,5.338158130645752
2458,4.976413726806641
2459,4.486048221588135
2460,4.5816168785095215
2461,5.255875587463379
2462,2.5727670192718506
2463,4.368669033050537
2464,4.616031169891357
2465,4.377274990081787
2466,4.384159088134766
2467,4.478390693664551
2468,5.861325740814209
2469,3.2293760776519775
2470,4.8047308921813965
2471,4.485658168792725
2472,4.817727088928223
2473,5.491616725921631
2474,3.202061414718628
2475,4.772534370422363
2476,5.397810935974121
2477,3.3435494899749756
2478,3.2928013801574707
2479,3.6331427097320557
2480,3.618213415145874
2481,3.4511280059814453
2482,3.2005867958068848
2483,2.099639654159546
2484,3.058668375015259
2485,3.097353458404541
2486,3.1881260871887207
2487,3.0715527534484863
2488,2.783642053604126
2489,2.3513615131378174
2490,2.4090933799743652
2491,2.830906391143799
2492,2.7685983180999756
2493,2.5460426807403564
2494,2.5857434272766113
2495,3.1140642166137695
2496,3.400550127029419
2497,3.8004672527313232
2498,3.630774736404419
2499,3.641348361968994
2500,3.0691416263580322
2501,2.9796364307403564
2502,2.686319589614868
2503,3.16440749168396
2504,3.837200164794922
2505,1.0272296667099
2506,1.6787102222442627
2507,1.8048737049102783
2508,1.9734536409378052
2509,1.992893099784851
2510,2.2394933700561523
2511,2.4921534061431885
2512,1.2779510021209717
2513,1.8140881061553955
2514,1.8678936958312988
2515,1.8398851156234741
2516,1.731967806816101
2517,1.9040836095809937
2518,2.283686399459839
2519,1.0398790836334229
2520,1.700034260749817
2521,1.8001757860183716
2522,1.7579694986343384
2523,2.0122628211975098
2524,2.820124864578247
2525,2.0249619483947754
2526,6.398854732513428
2527,6.924687385559082
2528,5.582792282104492
2529,6.791658878326416
2530,6.728390216827393
2531,4.526190757751465
2532,6.020298004150391
2533,5.460574626922607
2534,5.551150798797607
2535,5.206394195556641
2536,5.019452095031738
2537,4.775113582611084
2538,5.764382362365723
2539,6.188177108764648
2540,5.675016403198242
2541,5.760667324066162
2542,5.725677490234375
2543,5.968235492706299
2544,5.741546154022217
2545,5.503049850463867
2546,5.20621919631958
2547,4.428355693817139
2548,4.651371955871582
2549,5.440798759460449
2550,6.285538673400879
2551,8.804181098937988
2552,9.73639965057373
2553,10.318214416503906
2554,10.409985542297363
2555,10.545784950256348
2556,10.859622955322266
2557,10.556602478027344
2558,6.299675464630127
2559,8.077486038208008
2560,8.74342155456543
2561,8.78707504272461
2562,8.983589172363281
2563,10.212218284606934
2564,10.983381271362305
2565,6.684165954589844
2566,9.28725814819336
2567,9.1647367477417
2568,8.03342342376709
2569,8.599955558776855
2570,13.173821449279785
2571,6.320292949676514
2572,6.1793999671936035
2573,6.653722286224365
2574,8.055296897888184
2575,3.780813694000244
2576,8.24427318572998
2577,9.6102933883667
2578,3.3235793113708496
2579,13.679075241088867
2580,12.149264335632324
2581,10.234556198120117
2582,10.919888496398926
2583,6.771214485168457
2584,13.688429832458496
2585,8.687567710876465
2586,7.490252494812012
2587,16.075780868530273
2588,11.973286628723145
2589,1.3074002265930176
2590,1.3595759868621826
2591,1.3957659006118774
2592,2.253669500350952
2593,2.197915554046631
2594,2.182105541229248
2595,2.161201000213623
2596,2.219891309738159
2597,2.091750144958496
2598,2.350048542022705
2599,2.43062686920166
2600,2.2401559352874756
2601,2.0728530883789062
2602,2.2122621536254883
2603,1.63985013961792
2604,0.8705500364303589
2605,2.0905325412750244
2606,2.183889150619507
2607,2.003084897994995
2608,2.0722994804382324
2609,2.2407169342041016
2610,2.5254552364349365
2611,2.7521157264709473
2612,2.393794536590576
2613,2.3389008045196533
2614,2.0719077587127686
2615,2.6249678134918213
2616,3.0058395862579346
2617,3.556830644607544
2618,5.374089241027832
2619,5.968375205993652
2620,5.037234306335449
2621,5.196714401245117
2622,5.295982360839844
2623,5.453453063964844
2624,2.876307487487793
2625,4.483973503112793
2626,4.842525959014893
2627,4.605247974395752
2628,4.544668197631836
2629,4.86940860748291
2630,5.721203327178955
2631,2.7618870735168457
2632,4.219717502593994
2633,4.491725921630859
2634,4.439188480377197
2635,4.505283832550049
2636,4.966559410095215
2637,6.324731826782227
2638,3.0489742755889893
2639,4.550891876220703
2640,4.580721378326416
2641,4.910590648651123
2642,5.318901538848877
2643,3.0500879287719727
2644,4.477797031402588
2645,5.061659336090088
2646,1.5153255462646484
2647,1.8410632610321045
2648,4.096855640411377
2649,3.08206844329834
2650,2.1824753284454346
2651,1.9265854358673096
2652,2.6279470920562744
2653,3.322009801864624
2654,3.7913882732391357
2655,4.002678871154785
2656,2.653421401977539
2657,2.190020799636841
2658,2.804755210876465
2659,3.4479408264160156
2660,2.7282793521881104
2661,2.9957900047302246
2662,4.339183330535889
2663,4.915445327758789
2664,4.327612400054932
2665,5.535646438598633
2666,8.031461715698242
2667,12.437969207763672
2668,12.76919174194336
2669,6.143338203430176
2670,9.39792251586914
2671,11.793943405151367
2672,16.959339141845703
2673,8.98054313659668
2674,19.103557586669922
2675,13.909635543823242
2676,12.236044883728027
2677,10.863898277282715
2678,11.85168743133545
2679,11.59464168548584
2680,14.390239715576172
2681,9.421140670776367
2682,13.338386535644531
2683,12.5350341796875
2684,16.76297378540039
2685,10.832664489746094
2686,16.44476318359375
2687,10.582200050354004
2688,16.996103286743164
2689,11.817730903625488
2690,17.2351016998291
2691,12.955836296081543
2692,23.36562728881836
2693,20.458574295043945
2694,23.734315872192383
2695,29.903579711914062
2696,32.15394973754883
2697,27.683456420898438
2698,5.2645721435546875
2699,2.814342498779297
2700,2.2748308181762695
2701,2.576347827911377
2702,2.4672458171844482
2703,1.8600744009017944
2704,1.460867166519165
2705,2.205400228500366
2706,3.5531113147735596
2707,2.0354578495025635
2708,2.4655916690826416
2709,2.2174386978149414
2710,0.85756915807724
2711,1.7420576810836792
2712,2.232828378677368
2713,1.4806272983551025
2714,1.4374111890792847
2715,1.7224292755126953
2716,3.0689563751220703
2717,2.002825975418091
2718,2.1380012035369873
2719,1.836168646812439
2720,1.8090732097625732
2721,1.7171708345413208
2722,2.0256025791168213
2723,2.254030227661133
2724,0.730878472328186
2725,1.38312828540802
2726,1.285658359527588
2727,1.1872881650924683
2728,1.1966137886047363
2729,1.189761996269226
2730,1.4052139520645142
2731,0.7921037673950195
2732,1.0116316080093384
2733,1.0701597929000854
2734,1.0127943754196167
2735,0.9458460807800293
2736,1.1700607538223267
2737,1.4457166194915771
2738,0.7958946228027344
2739,1.0113856792449951
2740,1.0471522808074951
2741,0.9517083168029785
2742,1.0459064245224
2743,1.2739142179489136
2744,1.879982829093933
2745,1.3218474388122559
2746,1.3745622634887695
2747,1.0340970754623413
2748,1.1475485563278198
2749,1.4460827112197876
2750,0.9486437439918518
2751,1.248745083808899
2752,1.2026948928833008
